{
    "methane_produced_kg": 0.21350000000000005,
    "methane_prevented_kg": 0.12565
}