{
    "methane_produced_kg": 0.33810000000000007,
    "methane_prevented_kg": 0.12565
}